[{"model": "accounts.user", "pk": 1, "fields": {"password": "pbkdf2_sha256$260000$oiD8PSwu8vFyygkAVkt7ZZ$akeahyLC4Yjln9XWVZVnZqjP+d5rR+LTXBXvr89olxs=", "last_login": "2023-05-06T17:20:01.526Z", "is_superuser": false, "username": "sotthang", "first_name": "hyeonseop", "last_name": "so", "email": "sotthang@gmail.com", "is_staff": false, "is_active": true, "date_joined": "2023-05-06T16:51:34.125Z", "profile_img": "profile/sotthang.png", "groups": [], "user_permissions": [], "followings": []}}, {"model": "accounts.user", "pk": 2, "fields": {"password": "pbkdf2_sha256$260000$oRwoI8bue10dtUoY4Cx56I$1DrNnFTqaxZgb2JjtCg++j7Q6uFgsMvvs6EZL8Nhegk=", "last_login": "2023-05-06T16:54:02.250Z", "is_superuser": false, "username": "david", "first_name": "david", "last_name": "beckham", "email": "david@beckham.com", "is_staff": false, "is_active": true, "date_joined": "2023-05-06T16:52:36.493Z", "profile_img": "", "groups": [], "user_permissions": [], "followings": []}}, {"model": "accounts.user", "pk": 3, "fields": {"password": "pbkdf2_sha256$260000$WktVV2op1nFbzgYAcmGDgy$3V0MavRwkB41qLyCjcfBJLo64WAvUnomDfOq39oEb7A=", "last_login": "2023-05-06T17:08:05.581Z", "is_superuser": false, "username": "loopy", "first_name": "loopy", "last_name": "janmang", "email": "loopy@janmang.co.kr", "is_staff": false, "is_active": true, "date_joined": "2023-05-06T16:52:55.429Z", "profile_img": "profile/loopy.jpg", "groups": [], "user_permissions": [], "followings": [1]}}, {"model": "accounts.user", "pk": 4, "fields": {"password": "pbkdf2_sha256$260000$YdvW6WrauLD9vUGj98AIDn$hRUc5mTcLg6OqExQx2fV+wL6rQbWVvXLvOBvlYjeLsM=", "last_login": "2023-05-06T16:53:30.006Z", "is_superuser": false, "username": "puppyiflikeit", "first_name": "puppy", "last_name": "iflikeit", "email": "puppy@dog.com", "is_staff": false, "is_active": true, "date_joined": "2023-05-06T16:53:29.833Z", "profile_img": "profile/puppyiflikeit.png", "groups": [], "user_permissions": [], "followings": []}}, {"model": "articles.article", "pk": 1, "fields": {"user": 1, "title": "한라산", "category": "자연명소", "content": "높이 1,950m이다. 남한에서 가장 높은 산이다. 제3기 말∼제4기 초에 분출한 휴화산이다. 현무암으로 이루어져 있으며 줄기는 제주도 중앙에서 동서로 뻗는다. 남쪽은 경사가 심한 반면 북쪽은 완만하고, 동서쪽은 비교적 높으면서도 평탄하다.\r\n\r\n예로부터 부악(釜岳)·원산(圓山)·진산(鎭山)·선산(仙山)·두무악(頭無岳)·영주산(瀛州山)·부라산(浮羅山)·혈망봉(穴望峰)·여장군(女將軍) 등 많은 이름으로 불렸고, 민간 신앙에서는 금강산·지리산과 함께 삼신산(三神山) 가운데 하나로 치기도 한다.\r\n\r\n정상에는 둘레 약 3㎞, 지름 500m의 화구호인 백록담(白鹿潭)이 있으며, 주위 사방에 흙붉은오름[土赤岳]·사라오름[砂羅岳]·성널오름[城板岳]·어승생오름[御乘生岳] 등 360여 개의 측화산을 거느리고 있다.\r\n\r\n또 해안지대에는 폭포와 주상절리 등 아름다운 화산지형이 펼쳐지고, 해발고도에 따라 아열대·온대·냉대 등 1,800여 종에 달하는 고산식물이 자생하여 식생의 변화가 뚜렷하다. 봄의 철쭉·진달래·유채, 가을의 단풍, 겨울의 설경과 운해가 절경이며, 곳곳에서 한라산의 상징인 노루를 볼 수 있다.", "image": "article/한라산.jpeg", "created_at": "2023-05-06T16:52:10.176Z", "updated_at": "2023-05-06T16:52:10.176Z", "lat": "33.3614246387715000", "lng": "126.5294192759160000"}}, {"model": "articles.article", "pk": 2, "fields": {"user": 3, "title": "올레길", "category": "레저 & 액티비티", "content": "제주 올레길\r\n[ jeju olle ]\r\n\r\n요약 제주도의 걷기 좋은 길들을 선정하여 개발한 도보여행 코스이다.\r\n제주 올레길 7코스\r\n이미지 크게보기\r\n제주 올레길 7코스\r\n‘올레’는 제주 방언으로 좁은 골목을 뜻하며, 통상 큰길에서 집의 대문까지 이어지는 좁은 길이다. 도보여행 코스로 각광을 받고 있는 제주 올레길은 언론인 서명숙씨를 중심으로 구성된 사단법인 제주올레에서 개발한 것이다.\r\n\r\n2007년 9월 8일 제1코스(시흥초등학교에서 광치기 해변, 총 15km)가 개발된 이래, 2012년 5월까지 20코스까지 개장되었다. 각 코스는 일반적으로 길이가 15km 이내이며, 평균 소요시간이 5-6시간 정도이다. 주로 제주의 해안지역을 따라 골목길, 산길, 들길, 해안길, 오름 등을 연결하여 구성되며, 제주 주변의 작은 섬을 도는 코스도 있다. 사단법인 제주올레에서는 지속적으로 코스를 개발하고 있다. 기본적으로 기존 길을 탐사하고 걷기 좋은 길을 선별하여 서로 연결하여 코스를 만드는 형태이며, 필요한 경우 폭을 넓히거나 장애물을 제거하는 식으로 걷기 좋게 만들어주는 작업이 수행된다.", "image": "article/올레길.jpeg", "created_at": "2023-05-06T17:19:42.813Z", "updated_at": "2023-05-06T17:19:42.813Z", "lat": "33.4786607445545000", "lng": "126.9063664864660000"}}, {"model": "articles.article", "pk": 3, "fields": {"user": 1, "title": "오는정김밥", "category": "맛집", "content": "안녕하세요 제주도 오는정김밥입니다.\r\n홀에서는 드실수 없고 포장판매만 가능합니다.\r\n전화로 미리 예약주시면 (전날,또는당일) 편하게 드실 수 있습니다.\r\n바쁜시간대에는 전화통화가 어려울수있다는점 양해부탁드립니다.\r\n좋은여행되세요!", "image": "article/오는정김밥.jpeg", "created_at": "2023-05-06T17:20:50.316Z", "updated_at": "2023-05-06T17:20:50.316Z", "lat": "33.2495955703083000", "lng": "126.5676210585720000"}}, {"model": "articles.article", "pk": 4, "fields": {"user": 1, "title": "올래국수", "category": "맛집", "content": "주차는 근처 유료주차장 이용 바랍니다. (제주은행, 88주차장, 도청주변공영주차장) 영업은 15시까지 입니다.", "image": "article/올래국수.jpeg", "created_at": "2023-05-06T17:22:09.912Z", "updated_at": "2023-05-06T17:22:09.912Z", "lat": "33.4915286217883000", "lng": "126.4972671650130000"}}, {"model": "articles.article", "pk": 5, "fields": {"user": 1, "title": "이춘옥원조고등어쌈밥 제주애월본점", "category": "맛집", "content": "당신의 의미있는 시간을 이곳에서 사용하기로 결정한 선택에 깊이 감사드립니다\r\n완벽한 시간으로 기억되도록 맛있는 음식과 미소로 보답하겠습니다 항상 최선을 다해 노력하겠습니다 감사합니다", "image": "article/이춘옥원조고등어쌈밥_제주애월본점.jpeg", "created_at": "2023-05-06T17:22:58.524Z", "updated_at": "2023-05-06T17:41:17.340Z", "lat": "33.4889959115397000", "lng": "126.4186986400250000"}}, {"model": "articles.article", "pk": 6, "fields": {"user": 1, "title": "제주광해 애월", "category": "맛집", "content": "항상 신선한 재료와 정성을 다하는 제주도 갈치조림 맛집 제주광해애월본점입니다.", "image": "article/제주광해_애월.jpeg", "created_at": "2023-05-06T17:23:41.419Z", "updated_at": "2023-05-06T17:23:41.419Z", "lat": "33.4877492870907000", "lng": "126.3904213266220000"}}, {"model": "articles.article", "pk": 7, "fields": {"user": 1, "title": "동문재래시장", "category": "쇼핑", "content": "동문재래시장\r\n위치●개장일시\r\n제주특별자치도 제주시 관덕로 14길 20, 매일 오픈 8시~21시\r\n\r\n주차장\r\n동문재래시장 주차장 약129대 가능 (무료 30분), 네비게이션 시장 주소 또는 동문재래시장 주차장 입력\r\n\r\n쇼핑정보\r\n약340개의 점포, CCTV, 화장실 고객지원센터, 전구간 차양막시설, 무료요리강좌 개설\r\n\r\n소개\r\n제주의 명품 감귤과 과일, 토산품, 화산토에서 자란 농산물, 청정한 자연환경속에서 자란 수산물과 축산물, 그리고 건어물이 준비되어 있는 곳입니다. 또한 원산지표시 우수시장으로 구매한 상품을 바로 택배송할 수 있는 시스템이 갖춰져 있는 전국에서 손꼽히는 우수시장이며 시장내 곳곳에 오메기떡 빙떡이 떡집과 분식거리, 그리고 전통 먹거리식당이 있어 출출함도 달랠 수 있는 시장입니다.", "image": "article/동문재래시장.jpeg", "created_at": "2023-05-06T17:24:34.807Z", "updated_at": "2023-05-06T17:24:34.807Z", "lat": "33.5115851400673000", "lng": "126.5260173859640000"}}, {"model": "articles.article", "pk": 8, "fields": {"user": 1, "title": "서귀포매일올레시장", "category": "쇼핑", "content": "1965년 개설된 상가주택건물형의 중형시장으로 주 취급품목은 농수산물(옥돔 등 제주도 특산물) 등. 제주의 다양한 먹거리가 모여있는 곳\r\n\r\n서귀포에서 가장 큰 시장으로 60여년의 역사를 지닌 전통시장(200여개 점포/140여개 노점)이다.\r\n\r\n시장내부가 전 구간에 비가림 시설이 설치되어 있다.\r\n\r\n시장내 주차장은 500여대를 동시에 추가 가능하며 30분 무료 주차가능하다.(15분에 500원으로 1시간 2천원)\r\n\r\n시장내 물건 구입한 고객 무료 배달 택배서비스를 갖추고 있으며 청소년을 위한 야외공연장 및 공원이 있음.", "image": "article/서귀포매일올레시장.jpeg", "created_at": "2023-05-06T17:25:16.780Z", "updated_at": "2023-05-06T17:25:16.780Z", "lat": "33.2501500626024000", "lng": "126.5632315763950000"}}, {"model": "articles.article", "pk": 9, "fields": {"user": 1, "title": "선물가게바나나", "category": "쇼핑", "content": "제주 중문 소품&와인샵\r\n제주의 소품과 와인들로 가득찬 바나나 공간\r\n\r\n제주 기념품, 제주 선물, 와인이 모두 모여있는 선물가게 바나나", "image": "article/선물가게바나나.jpeg", "created_at": "2023-05-06T17:26:02.417Z", "updated_at": "2023-05-06T17:26:02.417Z", "lat": "33.2580317304240000", "lng": "126.4171165223510000"}}, {"model": "articles.article", "pk": 10, "fields": {"user": 1, "title": "롯데호텔 제주", "category": "숙소", "content": "제주도 최초로 인증 받은 5성 호텔\r\n푸른 제주 바다와 하늘이 맞닿은 곳에 위치한 롯데호텔 제주는 천국 같은 휴식과 여행의 즐거움을 동시에 누릴 수 있는 대한민국 대표 호텔이다. 제주의 따뜻한 바다를 닮은 사계절 온수풀 '해온(海溫)', 멀티 놀이공간 '플레이토피아', 헬로키티 캐릭터 룸과 풀빌라 스위트 룸, 연회장을 비롯해 미식 여행의 진수를 선사할 레스토랑까지 다채로운 시설들을 보유하고 있다.\r\n\r\n2020년 6월, 새롭게 오픈한 제주 최대 규모 올데이 다이닝 레스토랑 '더 캔버스'는 총 600여평의 공간에 420석의 규모, 5개의 프라이빗 스위트룸과 푸른 바다가 펼쳐진 오션뷰 전망을 자랑한다. 특히 팜 투 테이블(Farm to table)을 테마로 신선한 제주 식재료를 활용한 시그니처 메뉴를 뷔페와 일품요리로 한 곳에서 맛볼 수 있다. 어린이를 위한 키즈 스테이션은 업계 최초 다이닝 프로젝션 맵핑 기술을 도입하여 온 가족이 즐거운 식사를 즐길 수 있다.", "image": "article/롯데호텔_제주.jpeg", "created_at": "2023-05-06T17:29:28.693Z", "updated_at": "2023-05-06T17:29:28.693Z", "lat": "33.2484564531332000", "lng": "126.4106001570830000"}}, {"model": "articles.article", "pk": 11, "fields": {"user": 1, "title": "제주신라호텔", "category": "숙소", "content": "휴양지에서의 품격 있는 리조트 호텔 문화를 정착하기 위해 연중 문화 및 엔터테인먼트 프로그램을 고객들에게 제공하고 있는 제주신라호텔은 레저 전문가 서비스 G.A.O.(Guest Activity Organizer), 어덜트 풀, 키즈 캐빈, 글램핑 빌리지, 문라이트 스위밍 등 다양한 시설 및 프로그램을 운영하며 사계절 체재형 리조트로서의 트렌드를 이끌어 가고 있습니다. 누구나 한 번쯤 꿈꾸는 품격 있고 화려한 일상 탈출을 경험하실 수 있습니다.", "image": "article/제주신라호텔.jpg", "created_at": "2023-05-06T17:30:27.366Z", "updated_at": "2023-05-06T17:30:27.366Z", "lat": "33.2474308776367000", "lng": "126.4080414112460000"}}, {"model": "articles.article", "pk": 12, "fields": {"user": 1, "title": "히든클리프호텔&네이쳐", "category": "숙소", "content": "히든 클리프는 중문관광단지 인근에 위치한 5성급 호텔입니다.\r\n호텔은 180만 년 된 제주도 원시림과 마주하고 있어 호텔 곳곳에서 가공되지 않은 자연의 아름다움을 느낄 수 있습니다.\r\n\r\n이국적인 분위기를 자랑하는 47m 길이의 사계절 온수풀인 인피니티 풀, 욕조를 갖춘 250개 객실, 미식여행을 선사할 레스토랑&바, 프리미엄 스파 시설 등을 통해 편안한 투숙 그 이상의 특별한 경험과 힐링을 선사합니다.\r\n\r\n빌딩숲이 아닌 진짜 숲에서 즐기는 힐링!\r\n히든 클리프 호텔 & 네이쳐로 당신을 초대합니다.", "image": "article/히든클리프호텔네이쳐.jpg", "created_at": "2023-05-06T17:32:27.253Z", "updated_at": "2023-05-06T17:32:27.253Z", "lat": "33.2547764885257000", "lng": "126.4025951317660000"}}, {"model": "articles.article", "pk": 13, "fields": {"user": 1, "title": "만장굴", "category": "자연명소", "content": "1962년 12월 3일 김녕사굴과 함께 천연기념물 제98호로 지정되었다. 총길이 8,928m, 폭 2~23m, 천정높이 2~30m이다. 1977~1986년까지 한일합동조사가 실시되었다.\r\n\r\n제주에는 화산 용암의 침하운동으로 생성된 천연동굴이 많은데, 만장굴도 그 중의 하나로 석주, 종유석, 등이 장관을 이루어 동굴 내부의 규모는 세계적이다. 오래 전부터 주민들 사이에 '만쟁이굴'이라는 속칭으로 알려졌으나, 세상에 널리 공개된 것은 1958년 이후였다. 동굴이 같은 방향으로 2중 3중으로 발달한 것도 만장굴의 지형적 특징이다. 박쥐를 비롯하여 땅지네 농발거미 굴꼬마거미 진드기 가재벌레 등의 동굴 생물이 서식하고, 남조류 및 녹조류의 식물도 찾아볼 수 있다. 내부의 지형이 험해서 탐사시간이 오래 걸린다.", "image": "article/만장굴.jpeg", "created_at": "2023-05-06T17:32:58.313Z", "updated_at": "2023-05-06T17:32:58.313Z", "lat": "33.5279325219862000", "lng": "126.7693513060650000"}}, {"model": "articles.article", "pk": 14, "fields": {"user": 1, "title": "비자림", "category": "자연명소", "content": "1993년 8월 19일 천연기념물 제374호로 지정되었다. 문화재청에서 소유하고 있다. 구좌읍 평대리에서 서남쪽으로 6km 되는 지점에 448,165㎡ 면적에 500∼800년생 비자나무 2,570그루가 밀집하여 군락을 이루고 있는데, 단순림으로는 세계 최대 규모이다. 나무의 높이는 7∼14m, 지름은 50∼110cm, 수관폭은 10∼15m에 이른다.\r\n\r\n이곳에 비자나무 숲이 이루어진 유래는 마을의 무제(巫祭)에 쓰이던 비자 종자가 사방으로 흩어져 자라 식물상을 이룬 것으로 추정된다. 예로부터 섬의 진상품으로 바쳤던 비자나무의 열매인 비자는 구충제로 많이 쓰였고, 음식이나 제사상에 오르기도 하였다. 지방분이 있어 비자유를 짜기도 하는데, 기관지 천식이나 장 기능에 효험을 있는 것으로 알려졌다. 나무는 재질이 좋아 고급 가구나 바둑판을 만드는 데 사용되어왔다.", "image": "article/비자림.jpeg", "created_at": "2023-05-06T17:33:41.335Z", "updated_at": "2023-05-06T17:33:41.335Z", "lat": "33.4904083697986000", "lng": "126.8099875497100000"}}, {"model": "articles.article", "pk": 15, "fields": {"user": 1, "title": "우도", "category": "자연명소", "content": "면적 5.9㎢, 인구 1,752명(2000)이다. 해안선길이 17㎞, 최고점 132m이다. 제주시 우도면을 이루는 섬으로 제주도의 부속도서 중에서 가장 면적이 넓다.\r\n\r\n성산포에서 북동쪽으로 3.8㎞, 구좌읍 종달리(終達里)에서 동쪽으로 2.8㎞ 해상에 위치하며, 부근에 비양도(飛揚島)와 난도(蘭島)가 있다.\r\n\r\n1697년(숙종 23) 국유목장이 설치되면서 국마(國馬)를 관리·사육하기 위하여 사람들의 거주가 허락되었으며 1844년(헌종 10) 김석린 진사 일행이 입도하여 정착하였다. 원래는 구좌읍 연평리에 속하였으나 1986년 4월 1일 우도면으로 승격하였다. 섬의 형태가 소가 드러누웠거나 머리를 내민 모습과 같다고 하여 우도라고 이름지었다.", "image": "article/우도.jpeg", "created_at": "2023-05-06T17:34:12.930Z", "updated_at": "2023-05-06T17:34:12.930Z", "lat": "33.5044199749505000", "lng": "126.9555822575820000"}}, {"model": "articles.article", "pk": 16, "fields": {"user": 1, "title": "도련감귤나무숲", "category": "체험관광", "content": "다양한 포토존에서 나만의 인생샷 남기기!\r\n아름다운 야외풍경과 예쁜 돌담, 동화같은 분위기의 아기자기하고 귀여운 소품들이 가득하고 연인,친구,가족끼리 찍기 좋은 포토존이 많아요!", "image": "article/도련감귤나무숲.jpeg", "created_at": "2023-05-06T17:34:49.769Z", "updated_at": "2023-05-06T17:34:49.769Z", "lat": "33.5002742992168000", "lng": "126.5871304351030000"}}, {"model": "articles.article", "pk": 17, "fields": {"user": 1, "title": "스누피가든", "category": "체험관광", "content": "스누피가든은 피너츠 에피소드를 자연 속에서 직접 경험하면서 인생의 의미를 알게 되고 자연에서의 휴식을 통한 위로를 얻는 곳입니다.\r\n피너츠 친구들은 눈, 비, 바람, 낙엽과 같은 자연환경과 계절의 변화를 경험하면서 인생의 의미를 찾고 성장합니다.\r\n제주 자연이 주는 순수한 가치와 각 테마가든에서 피너츠의 다양한 에피소드를 경험해 보세요.", "image": "article/스누피가든.jpeg", "created_at": "2023-05-06T17:35:26.610Z", "updated_at": "2023-05-06T17:35:26.610Z", "lat": "33.4433592216395000", "lng": "126.7796675029340000"}}, {"model": "articles.article", "pk": 18, "fields": {"user": 1, "title": "제주민속촌", "category": "숙소", "content": "제주민속촌은 제주의 문화유산을 원형 그대로 보존하기 위해 19세기를 기준 연대로 산촌, 중산간촌, 어촌, 토속신앙을 비롯하여 제주영문과 유배소 등을 전문가의 고증을 통해 구성한 박물관 입니다.\r\n특히 100여 채에 달하는 전통가옥은 옛 제주 사람들이 실제 거주하였던 가옥을 전시하였으며, 이 가옥 곳곳에서는 민속공예 장인들이 옛 솜씨를 되살리기 위해 노력하고 있습니다.\r\n제주민속촌은 옛 제주의 모습을 간직한 '제주에서 가장 제주다운 곳'으로서 앞으로도 유무형의 문화유산을 지속적으로 발굴,보존, 계승하여 새로운 문화창조의 터전으로 남아있을 것입니다.", "image": "article/제주민속촌.jpeg", "created_at": "2023-05-06T17:36:06.071Z", "updated_at": "2023-05-06T17:36:06.071Z", "lat": "33.3223959546448000", "lng": "126.8422972838090000"}}, {"model": "articles.article", "pk": 19, "fields": {"user": 1, "title": "제주공룡랜드", "category": "테마파크", "content": "타임머신을 타고 수억만년전의 세계로의 여행 국내 최대 공룡 테마파크\r\n제주공룡랜드는 한.중.일 합작으로 인류 탄생보다 훨씬 오래전의 생명인 공룡을 테마로 구성되어 교육 및 관찰 학습의 장으로써의 최대의 공룡화석,\r\n해양 종합박물관이며, 30종 100여마리의 공룡들이 사는 가족공원 입니다.\r\n이와 함께 앵무새 체험관 오픈과 함께 공연장 토이랜드, 조랑말체험장 등이 업그레이드 되어 공룡에 대한 것 뿐만이 아닌 여러가지 테마를 갖춘 테마파크입니다.", "image": "article/제주공룡랜드.jpeg", "created_at": "2023-05-06T17:36:50.586Z", "updated_at": "2023-05-06T17:36:50.586Z", "lat": "33.4412547241636000", "lng": "126.4338709113030000"}}, {"model": "articles.article", "pk": 20, "fields": {"user": 1, "title": "에코랜드 테마파크", "category": "테마파크", "content": "에코랜드 테마파크는 1800년대 증기기관차인 볼드윈 기종을 모델화하여 영국에서 수제품으로 제작된 링컨 기차로 30만평의 곶자왈 원시림을 기차로 체험하는 테마파크입니다.\r\n\r\n저희 에코랜드 테마파크는 자연의 섭리를 어기지 않고 풀 한포기도 소중히 여기며 인간과 자연을 하나로 이어주는 다리가 되고자 합니다.\r\n돌과 바위의 화산땅에 뿌리를 길게 내리고 한줄기 빛을 찾기 위해 가지를 하늘로 뻗어 질긴 생명력을 이어가는 나무를 보며 자연의 위대함을 배웠습니다.\r\n그 위대함을 표현하기에 아직도 저희들의 표현력이 부족하다는 것을 잘 알고 있습니다.\r\n하지만 저의 에코랜드 테마파크는 자연과 인간의 공존이라는 대명제를 향하여 멈추지 않고 달려가겠습니다.", "image": "article/에코랜드_테마파크.jpeg", "created_at": "2023-05-06T17:37:41.112Z", "updated_at": "2023-05-06T17:37:41.112Z", "lat": "33.4483387252476000", "lng": "126.6702786573450000"}}, {"model": "articles.article", "pk": 21, "fields": {"user": 1, "title": "유리의 성", "category": "테마파크", "content": "유리의 성은 세상 모든 것이 블링블링 빛나는 환상의 나라입니다.\r\n제주의 자연과 유리가 조화를 이뤄 설계한 유리정원, 제주 돌담을 형상화한 유리돌담, 유리의 성이 자랑하는 호수 위 유리카페 등 세계적인 유리테마파크 유리의성!\r\n아이에게는 꿈과 희망을, 어른에게는 동심과 추억을 한아름 선사합니다.\r\n\r\n*체험관련(블로잉 체험은 제외)\r\n단체(11~30명) 20%할인, 31명 이상은 30% 할인됩니다.", "image": "article/유리의_성.jpeg", "created_at": "2023-05-06T17:38:16.461Z", "updated_at": "2023-05-06T17:38:16.461Z", "lat": "33.3146421474147000", "lng": "126.2736597675610000"}}, {"model": "articles.review", "pk": 1, "fields": {"user": 4, "title": "멍멍!", "content": "멍멍멍멍!\r\n\r\n멍!", "image": "", "created_at": "2023-05-06T16:53:52.762Z", "updated_at": "2023-05-06T16:53:52.762Z", "article": 1, "score": 5}}, {"model": "articles.review", "pk": 2, "fields": {"user": 3, "title": "힘들었어요", "content": "하지만!!\r\n\r\n좋았어요 ㅎㅎ", "image": "review/힘들었어요.jpeg", "created_at": "2023-05-06T17:08:53.092Z", "updated_at": "2023-05-06T17:08:53.092Z", "article": 1, "score": 3}}, {"model": "articles.comment", "pk": 1, "fields": {"article": 1, "user": 2, "content": "조아써요\r\n또 가고 시퍼요!", "created_at": "2023-05-06T16:54:13.843Z", "updated_at": "2023-05-06T16:54:13.843Z"}}, {"model": "articles.reviewcomment", "pk": 1, "fields": {"user": 1, "review": 1, "content": "멍멍멍멍멍!!!", "created_at": "2023-05-06T16:54:49.427Z", "updated_at": "2023-05-06T16:54:49.427Z"}}, {"model": "articles.reviewcomment", "pk": 2, "fields": {"user": 3, "review": 1, "content": "???", "created_at": "2023-05-06T16:55:03.907Z", "updated_at": "2023-05-06T16:55:03.907Z"}}, {"model": "articles.emote", "pk": 1, "fields": {"user": 4, "emotion": "1", "article": 1, "review": null}}, {"model": "articles.emote", "pk": 2, "fields": {"user": 4, "emotion": "2", "article": 1, "review": null}}, {"model": "articles.emote", "pk": 3, "fields": {"user": 3, "emotion": "1", "article": null, "review": 1}}, {"model": "articles.emote", "pk": 4, "fields": {"user": 3, "emotion": "2", "article": null, "review": 1}}, {"model": "articles.plan", "pk": 1, "fields": {"user": 1, "startday_at": "2023-06-30", "endday_at": "2023-07-02"}}, {"model": "articles.plan", "pk": 2, "fields": {"user": 1, "startday_at": "2023-09-01", "endday_at": "2023-09-02"}}, {"model": "articles.articleplan", "pk": 1, "fields": {"plan": 1, "article": 11, "day": 1}}, {"model": "articles.articleplan", "pk": 2, "fields": {"plan": 1, "article": 13, "day": 1}}, {"model": "articles.articleplan", "pk": 3, "fields": {"plan": 1, "article": 5, "day": 1}}, {"model": "articles.articleplan", "pk": 4, "fields": {"plan": 1, "article": 10, "day": 2}}, {"model": "articles.articleplan", "pk": 5, "fields": {"plan": 1, "article": 14, "day": 2}}, {"model": "articles.articleplan", "pk": 6, "fields": {"plan": 1, "article": 15, "day": 2}}, {"model": "articles.articleplan", "pk": 7, "fields": {"plan": 1, "article": 6, "day": 2}}, {"model": "articles.articleplan", "pk": 8, "fields": {"plan": 1, "article": 2, "day": 3}}, {"model": "articles.articleplan", "pk": 9, "fields": {"plan": 1, "article": 4, "day": 3}}, {"model": "articles.articleplan", "pk": 10, "fields": {"plan": 2, "article": 12, "day": 1}}, {"model": "articles.articleplan", "pk": 11, "fields": {"plan": 2, "article": 20, "day": 1}}, {"model": "articles.articleplan", "pk": 12, "fields": {"plan": 2, "article": 17, "day": 2}}, {"model": "auth.permission", "pk": 1, "fields": {"name": "Can add user", "content_type": 1, "codename": "add_user"}}, {"model": "auth.permission", "pk": 2, "fields": {"name": "Can change user", "content_type": 1, "codename": "change_user"}}, {"model": "auth.permission", "pk": 3, "fields": {"name": "Can delete user", "content_type": 1, "codename": "delete_user"}}, {"model": "auth.permission", "pk": 4, "fields": {"name": "Can view user", "content_type": 1, "codename": "view_user"}}, {"model": "auth.permission", "pk": 5, "fields": {"name": "Can add article", "content_type": 2, "codename": "add_article"}}, {"model": "auth.permission", "pk": 6, "fields": {"name": "Can change article", "content_type": 2, "codename": "change_article"}}, {"model": "auth.permission", "pk": 7, "fields": {"name": "Can delete article", "content_type": 2, "codename": "delete_article"}}, {"model": "auth.permission", "pk": 8, "fields": {"name": "Can view article", "content_type": 2, "codename": "view_article"}}, {"model": "auth.permission", "pk": 9, "fields": {"name": "Can add emote", "content_type": 3, "codename": "add_emote"}}, {"model": "auth.permission", "pk": 10, "fields": {"name": "Can change emote", "content_type": 3, "codename": "change_emote"}}, {"model": "auth.permission", "pk": 11, "fields": {"name": "Can delete emote", "content_type": 3, "codename": "delete_emote"}}, {"model": "auth.permission", "pk": 12, "fields": {"name": "Can view emote", "content_type": 3, "codename": "view_emote"}}, {"model": "auth.permission", "pk": 13, "fields": {"name": "Can add review", "content_type": 4, "codename": "add_review"}}, {"model": "auth.permission", "pk": 14, "fields": {"name": "Can change review", "content_type": 4, "codename": "change_review"}}, {"model": "auth.permission", "pk": 15, "fields": {"name": "Can delete review", "content_type": 4, "codename": "delete_review"}}, {"model": "auth.permission", "pk": 16, "fields": {"name": "Can view review", "content_type": 4, "codename": "view_review"}}, {"model": "auth.permission", "pk": 17, "fields": {"name": "Can add review comment", "content_type": 5, "codename": "add_reviewcomment"}}, {"model": "auth.permission", "pk": 18, "fields": {"name": "Can change review comment", "content_type": 5, "codename": "change_reviewcomment"}}, {"model": "auth.permission", "pk": 19, "fields": {"name": "Can delete review comment", "content_type": 5, "codename": "delete_reviewcomment"}}, {"model": "auth.permission", "pk": 20, "fields": {"name": "Can view review comment", "content_type": 5, "codename": "view_reviewcomment"}}, {"model": "auth.permission", "pk": 21, "fields": {"name": "Can add plan", "content_type": 6, "codename": "add_plan"}}, {"model": "auth.permission", "pk": 22, "fields": {"name": "Can change plan", "content_type": 6, "codename": "change_plan"}}, {"model": "auth.permission", "pk": 23, "fields": {"name": "Can delete plan", "content_type": 6, "codename": "delete_plan"}}, {"model": "auth.permission", "pk": 24, "fields": {"name": "Can view plan", "content_type": 6, "codename": "view_plan"}}, {"model": "auth.permission", "pk": 25, "fields": {"name": "Can add comment", "content_type": 7, "codename": "add_comment"}}, {"model": "auth.permission", "pk": 26, "fields": {"name": "Can change comment", "content_type": 7, "codename": "change_comment"}}, {"model": "auth.permission", "pk": 27, "fields": {"name": "Can delete comment", "content_type": 7, "codename": "delete_comment"}}, {"model": "auth.permission", "pk": 28, "fields": {"name": "Can view comment", "content_type": 7, "codename": "view_comment"}}, {"model": "auth.permission", "pk": 29, "fields": {"name": "Can add article plan", "content_type": 8, "codename": "add_articleplan"}}, {"model": "auth.permission", "pk": 30, "fields": {"name": "Can change article plan", "content_type": 8, "codename": "change_articleplan"}}, {"model": "auth.permission", "pk": 31, "fields": {"name": "Can delete article plan", "content_type": 8, "codename": "delete_articleplan"}}, {"model": "auth.permission", "pk": 32, "fields": {"name": "Can view article plan", "content_type": 8, "codename": "view_articleplan"}}, {"model": "auth.permission", "pk": 33, "fields": {"name": "Can add log entry", "content_type": 9, "codename": "add_logentry"}}, {"model": "auth.permission", "pk": 34, "fields": {"name": "Can change log entry", "content_type": 9, "codename": "change_logentry"}}, {"model": "auth.permission", "pk": 35, "fields": {"name": "Can delete log entry", "content_type": 9, "codename": "delete_logentry"}}, {"model": "auth.permission", "pk": 36, "fields": {"name": "Can view log entry", "content_type": 9, "codename": "view_logentry"}}, {"model": "auth.permission", "pk": 37, "fields": {"name": "Can add permission", "content_type": 10, "codename": "add_permission"}}, {"model": "auth.permission", "pk": 38, "fields": {"name": "Can change permission", "content_type": 10, "codename": "change_permission"}}, {"model": "auth.permission", "pk": 39, "fields": {"name": "Can delete permission", "content_type": 10, "codename": "delete_permission"}}, {"model": "auth.permission", "pk": 40, "fields": {"name": "Can view permission", "content_type": 10, "codename": "view_permission"}}, {"model": "auth.permission", "pk": 41, "fields": {"name": "Can add group", "content_type": 11, "codename": "add_group"}}, {"model": "auth.permission", "pk": 42, "fields": {"name": "Can change group", "content_type": 11, "codename": "change_group"}}, {"model": "auth.permission", "pk": 43, "fields": {"name": "Can delete group", "content_type": 11, "codename": "delete_group"}}, {"model": "auth.permission", "pk": 44, "fields": {"name": "Can view group", "content_type": 11, "codename": "view_group"}}, {"model": "auth.permission", "pk": 45, "fields": {"name": "Can add content type", "content_type": 12, "codename": "add_contenttype"}}, {"model": "auth.permission", "pk": 46, "fields": {"name": "Can change content type", "content_type": 12, "codename": "change_contenttype"}}, {"model": "auth.permission", "pk": 47, "fields": {"name": "Can delete content type", "content_type": 12, "codename": "delete_contenttype"}}, {"model": "auth.permission", "pk": 48, "fields": {"name": "Can view content type", "content_type": 12, "codename": "view_contenttype"}}, {"model": "auth.permission", "pk": 49, "fields": {"name": "Can add session", "content_type": 13, "codename": "add_session"}}, {"model": "auth.permission", "pk": 50, "fields": {"name": "Can change session", "content_type": 13, "codename": "change_session"}}, {"model": "auth.permission", "pk": 51, "fields": {"name": "Can delete session", "content_type": 13, "codename": "delete_session"}}, {"model": "auth.permission", "pk": 52, "fields": {"name": "Can view session", "content_type": 13, "codename": "view_session"}}, {"model": "contenttypes.contenttype", "pk": 1, "fields": {"app_label": "accounts", "model": "user"}}, {"model": "contenttypes.contenttype", "pk": 2, "fields": {"app_label": "articles", "model": "article"}}, {"model": "contenttypes.contenttype", "pk": 3, "fields": {"app_label": "articles", "model": "emote"}}, {"model": "contenttypes.contenttype", "pk": 4, "fields": {"app_label": "articles", "model": "review"}}, {"model": "contenttypes.contenttype", "pk": 5, "fields": {"app_label": "articles", "model": "reviewcomment"}}, {"model": "contenttypes.contenttype", "pk": 6, "fields": {"app_label": "articles", "model": "plan"}}, {"model": "contenttypes.contenttype", "pk": 7, "fields": {"app_label": "articles", "model": "comment"}}, {"model": "contenttypes.contenttype", "pk": 8, "fields": {"app_label": "articles", "model": "articleplan"}}, {"model": "contenttypes.contenttype", "pk": 9, "fields": {"app_label": "admin", "model": "logentry"}}, {"model": "contenttypes.contenttype", "pk": 10, "fields": {"app_label": "auth", "model": "permission"}}, {"model": "contenttypes.contenttype", "pk": 11, "fields": {"app_label": "auth", "model": "group"}}, {"model": "contenttypes.contenttype", "pk": 12, "fields": {"app_label": "contenttypes", "model": "contenttype"}}, {"model": "contenttypes.contenttype", "pk": 13, "fields": {"app_label": "sessions", "model": "session"}}, {"model": "sessions.session", "pk": "cb6jwzldaevwzsjhp4f4jffnrjs4frwi", "fields": {"session_data": ".eJxVjEEOwiAQRe_C2hAIHZi6dO8ZCMyAVA0kpV0Z764kXej2vff_S_iwb8XvPa1-YXEWWpx-WQz0SHUIvod6a5Ja3dYlypHIw3Z5bZyel6P9Oyihl7GmpLJTE8wG48waJ6VIEQKYkEyOzJiASbHOCJpsoKgBo_kCZy058f4A7lg4KQ:1pvMFs:oZ0ysyj7VxDmvfYheL6Oc-i97oZOfe40BWiaQztkHzs", "expire_date": "2023-05-20T18:03:36.822Z"}}]